{"featureNames": ["MedInc", "HouseAge", "AveRooms", "AveBedrms", "Population", "AveOccup", "Latitude", "Longitude"], "target": "MedHouseVal", "nTrain": 3000, "params": {"max_depth": 6, "min_samples_leaf": 20, "random_state": 42}, "featureStats": {"MedInc": {"min": 0.4999, "max": 15.0001, "median": 3.5076}, "HouseAge": {"min": 2.0, "max": 52.0, "median": 29.0}, "AveRooms": {"min": 1.1304347826086956, "max": 52.69047619047619, "median": 5.178428598377664}, "AveBedrms": {"min": 0.4444444444444444, "max": 8.857142857142858, "median": 1.0477979333798966}, "Population": {"min": 11.0, "max": 12427.0, "median": 1165.0}, "AveOccup": {"min": 1.2445561139028476, "max": 599.7142857142857, "median": 2.814701728793569}, "Latitude": {"min": 32.55, "max": 41.88, "median": 34.24}, "Longitude": {"min": -124.35, "max": -114.57, "median": -118.485}}, "targetStats": {"min": 0.283, "max": 5.00001, "median": 1.7974999999999999}}